Alloy_or_not,Pt_or_not,Weight_ratio (wt%),Particle_size (nm),Surface_area (m2/g),N_doped (at%),pH,Current_density (mA/cm2),Overpotential (mV)
1,0,5.5,15,89.2,3.08,0.3,10,364
1,0,6.42,15,80.9,4.54,0.3,10,287
0,1,18.94,5,527,6.26,0.3,10,47
0,1,18.94,5,527,6.26,0.3,20,71
0,1,18.94,5,527,6.26,0.3,40,118
0,1,18.94,5,527,6.26,0.3,50,140
0,1,18.7,4,527,6.98,0.3,10,31
0,1,18.7,4,527,6.98,0.3,20,47
0,1,18.7,4,527,6.98,0.3,40,79
0,1,18.7,4,527,6.98,0.3,50,93
0,1,3.2,1.6,254,0,0.3,10,38
0,1,3.2,1.6,254,0,0.3,20,54
0,1,3.2,1.6,254,0,0.3,40,84
0,1,7.1,1.5,254,0,0.3,10,24
0,1,7.1,1.5,254,0,0.3,20,27
0,1,7.1,1.5,254,0,0.3,40,32
0,0,47.85,35.1,150.4,1,14,100,182
0,0,47.85,35.1,150.4,1,14,80,169
0,0,47.85,35.1,150.4,1,14,60,151
0,0,47.85,35.1,150.4,1,14,50,145
0,0,47.85,35.1,150.4,1,14,40,138
0,0,47.85,35.1,150.4,1,14,20,121
0,0,47.85,35.1,150.4,1,14,10,100
0,0,7.21,35.1,239.7,1.4,14,20,368
0,0,7.21,35.1,239.7,1.4,14,10,312
1,0,17.92,5.9,30.341,0,14,20,57.7
1,0,17.92,5.9,30.341,0,14,10,11.7
0,0,16.52,5.9,17.782,0,14,20,400
0,0,16.52,5.9,17.782,0,14,10,345
1,0,9.81,10,135.6,0.8,7.4,60,358
1,0,9.81,10,135.6,0.8,7.4,50,306
1,0,9.81,10,135.6,0.8,7.4,40,251
1,0,9.81,10,135.6,0.8,0.3,100,195
1,0,9.81,10,135.6,0.8,0.3,80,170
1,0,9.81,10,135.6,0.8,14,100,159
1,0,9.81,10,135.6,0.8,0.3,60,143
1,0,9.81,10,135.6,0.8,7.4,20,136
1,0,9.81,10,135.6,0.8,14,80,132
1,0,9.81,10,135.6,0.8,0.3,50,127
1,0,9.81,10,135.6,0.8,0.3,40,112
1,0,9.81,10,135.6,0.8,14,60,102
1,0,9.81,10,135.6,0.8,14,50,87
1,0,9.81,10,135.6,0.8,0.3,20,75
1,0,9.81,10,135.6,0.8,14,40,69
1,0,9.81,10,135.6,0.8,7.4,10,67
1,0,9.81,10,135.6,0.8,0.3,10,51
1,0,9.81,10,135.6,0.8,14,20,34
1,0,9.81,10,135.6,0.8,14,10,11
0,1,1.4,0.36,586.9,12.1,0.3,100,89.1
0,1,1.4,0.36,586.9,12.1,0.3,10,18.1
0,1,1.7,1,490.8,18.8,0.3,10,49.1
0,1,1.7,1,490.8,18.8,0.3,20,56
0,1,1.7,1,490.8,18.8,0.3,40,64
0,1,1.7,1,490.8,18.8,0.3,50,67
0,1,1.7,1,490.8,18.8,0.3,100,83
0,1,1.58,0.35,490.8,18.8,0.3,10,17
0,1,1.58,0.35,490.8,18.8,0.3,20,26
0,1,1.58,0.35,490.8,18.8,0.3,40,33
0,1,1.58,0.35,490.8,18.8,0.3,50,37
0,1,1.58,0.35,490.8,18.8,0.3,100,50
1,0,100,1.3,43.54,0,14,40,79
1,0,100,1.3,43.54,0,7.4,40,74
1,0,100,1.3,43.54,0,14,20,49
1,0,100,1.3,43.54,0,7.4,20,46
1,0,100,1.3,43.54,0,14,10,32
1,0,100,1.3,43.54,0,7.4,10,31
1,0,100,1.3,43.54,0,0.3,40,28
1,0,100,1.3,43.54,0,0.3,20,19
1,0,100,1.3,43.54,0,0.3,10,12.3
1,0,35.39,8.9,100.06,0,14,200,296
1,0,35.39,8.9,100.06,0,14,150,242
1,0,35.39,8.9,100.06,0,0.3,250,185
1,0,35.39,8.9,100.06,0,14,100,180
1,0,35.39,8.9,100.06,0,0.3,200,155
1,0,35.39,8.9,100.06,0,14,80,152
1,0,35.39,8.9,100.06,0,0.3,150,125
1,0,35.39,8.9,100.06,0,14,60,122
1,0,35.39,8.9,100.06,0,14,50,106
1,0,35.39,8.9,100.06,0,0.3,100,94.5
1,0,35.39,8.9,100.06,0,14,40,89
1,0,35.39,8.9,100.06,0,0.3,80,82
1,0,35.39,8.9,100.06,0,0.3,60,70
1,0,35.39,8.9,100.06,0,0.3,50,63
1,0,35.39,8.9,100.06,0,0.3,40,57
1,0,35.39,8.9,100.06,0,14,20,51
1,0,35.39,8.9,100.06,0,0.3,20,43
1,0,35.39,8.9,100.06,0,0.3,10,35
1,0,35.39,8.9,100.06,0,14,10,27
0,1,0.21,4,92.85,0,0.3,10,110
0,1,0.21,4,92.85,0,0.3,20,120
0,1,0.21,4,92.85,0,0.3,40,195
0,1,0.21,4,92.85,0,0.3,50,230
0,1,19,3,92.85,0,0.3,10,43
0,1,19,3,92.85,0,0.3,20,66
0,1,19,3,92.85,0,0.3,40,95
0,1,19,3,92.85,0,0.3,50,105
0,1,19,3,92.85,0,0.3,100,167
0,1,19,3,92.85,0,0.3,150,227
0,1,19,3,92.85,0,0.3,200,296
0,1,0.35,1,92.85,0,0.3,10,34
0,1,0.35,1,92.85,0,0.3,20,50
0,1,0.35,1,92.85,0,0.3,40,77
0,1,0.35,1,92.85,0,0.3,50,90
0,1,0.35,1,92.85,0,0.3,100,157
0,1,0.35,1,92.85,0,0.3,150,219
0,1,0.35,1,92.85,0,0.3,200,288
0,1,0.35,1,92.85,0,1,10,30
0,1,0.35,1,92.85,0,1,20,65
0,1,0.35,1,92.85,0,1,40,91
0,1,0.35,1,92.85,0,1,50,103
0,1,0.35,1,92.85,0,1,100,169
0,1,0.35,1,92.85,0,1,150,233
0,1,0.35,1,92.85,0,1,200,307
0,1,0.35,1,92.85,0,0.7,10,31
0,1,0.35,1,92.85,0,0.7,20,61
0,1,0.35,1,92.85,0,0.7,40,87
0,1,0.35,1,92.85,0,0.7,50,99
0,1,0.35,1,92.85,0,0.7,100,164
0,1,0.35,1,92.85,0,0.7,150,226
0,1,0.35,1,92.85,0,0.7,200,291
0,1,0.35,1,92.85,0,0.5,10,32
0,1,0.35,1,92.85,0,0.5,20,58
0,1,0.35,1,92.85,0,0.5,40,81
0,1,0.35,1,92.85,0,0.5,50,94
0,1,0.35,1,92.85,0,0.5,100,152
0,1,0.35,1,92.85,0,0.5,150,211
0,1,0.35,1,92.85,0,0.5,200,278
0,1,0.34,1,89.4,0,0.3,10,23
0,1,0.34,1,89.4,0,0.3,20,41
0,1,0.34,1,89.4,0,0.3,40,62
0,1,0.34,1,89.4,0,0.3,50,70
0,1,0.34,1,89.4,0,0.3,100,112
0,1,0.34,1,89.4,0,0.3,150,158
0,1,0.34,1,89.4,0,0.3,200,201
0,1,4.8,4.75,426,4.3,0.3,10,38
0,1,4.8,4.75,426,4.3,0.3,20,50
0,1,4.8,4.75,426,4.3,0.3,40,76
0,1,4.8,4.75,426,4.3,0.3,50,89
0,1,4.8,3.05,426,4.3,0.3,10,34
0,1,4.8,3.05,426,4.3,0.3,20,44
0,1,4.8,3.05,426,4.3,0.3,40,66
0,1,4.8,3.05,426,4.3,0.3,50,75.6
0,1,4.8,2.85,426,4.3,0.3,10,35
0,1,4.8,2.85,426,4.3,0.3,20,47
0,1,4.8,2.85,426,4.3,0.3,40,71
0,1,4.8,2.85,426,4.3,0.3,50,83
1,1,3.9,1.6,1349,0,0.3,100,134
1,1,3.9,1.6,1349,0,0.3,80,122
1,1,3.9,1.6,1349,0,0.3,60,108
1,1,3.9,1.6,1349,0,0.3,50,100
1,1,3.9,1.6,1349,0,0.3,40,91
1,1,3.9,1.6,1349,0,0.3,20,65
1,1,3.9,1.6,1349,0,0.3,10,43.7
1,1,2.5,1.6,1349,0,0.3,100,146
1,1,2.5,1.6,1349,0,0.3,80,134
1,1,2.5,1.6,1349,0,0.3,60,119
1,1,2.5,1.6,1349,0,0.3,50,111
1,1,2.5,1.6,1349,0,0.3,40,102
1,1,2.5,1.6,1349,0,0.3,20,75.5
1,1,2.5,1.6,1349,0,0.3,10,55.3
0,1,10,3.5,254,0,0.3,10,30
0,1,5.2,1.6,1349,0,0.3,10,33
0,1,5.2,1.6,1349,0,0.3,20,43
0,1,5.2,1.6,1349,0,0.3,40,56
0,1,5.2,1.6,1349,0,0.3,50,61
0,1,5.2,1.6,1349,0,0.3,100,78
0,1,3.8,2,500,18,0.3,10,39
0,1,3.8,2,500,18,0.3,20,48
0,1,3.8,2,500,18,0.3,40,64
0,1,3.8,2,500,18,0.3,50,71
0,1,3.8,2,500,18,0.3,100,104
0,1,2.54,0.35,500,18,0.3,10,26
0,1,2.54,0.35,500,18,0.3,20,34
0,1,2.54,0.35,500,18,0.3,40,40
0,1,2.54,0.35,500,18,0.3,50,43
0,1,2.54,0.35,500,18,0.3,100,53
0,1,0.44,0.35,900,2.75,0.3,10,12
0,1,0.44,0.35,900,2.75,0.3,20,20
0,1,0.44,0.35,900,2.75,0.3,40,30
0,1,0.44,0.35,900,2.75,0.3,50,37
0,1,0.44,0.35,900,2.75,14,10,7
0,1,0.44,0.35,900,2.75,14,20,16
0,1,0.44,0.35,900,2.75,14,40,31
0,1,0.44,0.35,900,2.75,14,50,38
1,1,5.24,5.12,105.2,0,0.3,100,145.3
1,1,5.24,5.12,105.2,0,0.3,80,132.1
1,1,5.24,5.12,105.2,0,0.3,60,115.6
1,1,5.24,5.12,105.2,0,0.3,50,105.7
1,1,5.24,5.12,105.2,0,0.3,40,93.6
1,1,5.24,5.12,105.2,0,0.3,20,65
1,1,5.24,5.12,105.2,0,0.3,10,46.6
1,1,4.42,2.57,630.3,0,0.3,100,43.1
1,1,4.42,2.57,630.3,0,0.3,80,39.6
1,1,4.42,2.57,630.3,0,0.3,60,35.2
1,1,4.42,2.57,630.3,0,0.3,50,31.9
1,1,4.42,2.57,630.3,0,0.3,40,29.7
1,1,4.42,2.57,630.3,0,0.3,20,24.2
1,1,4.42,2.57,630.3,0,0.3,10,19.7
0,1,19.82,2.84,259.8,0,0.3,100,61.8
0,1,19.82,2.84,259.8,0,0.3,80,53.9
0,1,19.82,2.84,259.8,0,0.3,60,46.2
0,1,19.82,2.84,259.8,0,0.3,50,40.7
0,1,19.82,2.84,259.8,0,0.3,40,37.4
0,1,19.82,2.84,259.8,0,0.3,20,25.3
0,1,19.82,2.84,259.8,0,0.3,10,19.5
0,0,4.31,2.65,603.8,0,0.3,100,166.4
0,0,4.31,2.65,603.8,0,0.3,80,150.8
0,0,4.31,2.65,603.8,0,0.3,60,134.3
0,0,4.31,2.65,603.8,0,0.3,50,123.3
0,0,4.31,2.65,603.8,0,0.3,40,112.2
0,0,4.31,2.65,603.8,0,0.3,20,82.6
0,0,4.31,2.65,603.8,0,0.3,10,58.1
0,0,36.69,15,128.7,2.69,14,100,274
0,0,36.69,15,128.7,2.69,14,80,258
0,0,36.69,15,128.7,2.69,14,60,239
0,0,36.69,15,128.7,2.69,14,50,226
0,0,36.69,15,128.7,2.69,14,40,212
0,0,36.69,15,128.7,2.69,14,20,164
0,0,36.69,15,128.7,2.69,14,10,94
0,0,14.55,39.1,208.9,1.34,14,100,367
0,0,14.55,39.1,208.9,1.34,14,80,331
0,0,14.55,39.1,208.9,1.34,14,60,289
0,0,14.55,39.1,208.9,1.34,14,50,268
0,0,14.55,39.1,208.9,1.34,14,40,245
0,0,14.55,39.1,208.9,1.34,14,20,180
0,0,14.55,39.1,208.9,1.34,14,10,108
0,0,15.98,32.8,108.4,1.64,14,100,419
0,0,15.98,32.8,108.4,1.64,14,80,402
0,0,15.98,32.8,108.4,1.64,14,60,379
0,0,15.98,32.8,108.4,1.64,14,50,370
0,0,15.98,32.8,108.4,1.64,14,40,355
0,0,15.98,32.8,108.4,1.64,14,20,303
0,0,15.98,32.8,108.4,1.64,14,10,225
0,0,100,5.35,17.3,0,0.3,50,225
0,0,100,5.35,17.3,0,0.3,40,218.6
0,0,100,5.35,17.3,0,0.3,20,197
0,0,100,5.35,17.3,0,0.3,10,165
0,0,78.06,5.35,31.1,0,0.3,50,171
0,0,78.06,5.35,31.1,0,0.3,40,163
0,0,78.06,5.35,31.1,0,0.3,20,135
0,0,78.06,5.35,31.1,0,0.3,10,111.8
0,0,64,5.35,49.2,0,0.3,50,156.4
0,0,64,5.35,49.2,0,0.3,40,148
0,0,64,5.35,49.2,0,0.3,20,125.6
0,0,64,5.35,49.2,0,0.3,10,101
0,0,41.57,5.35,68.8,0,0.3,50,148
0,0,41.57,5.35,68.8,0,0.3,40,141
0,0,41.57,5.35,68.8,0,0.3,20,118.8
0,0,41.57,5.35,68.8,0,0.3,10,104
0,0,43.52,4.52,64.3,0,0.3,50,164
0,0,43.52,4.52,64.3,0,0.3,40,156.8
0,0,43.52,4.52,64.3,0,0.3,20,135.4
0,0,43.52,4.52,64.3,0,0.3,10,117.6
0,0,38.68,3.65,43.1,0,0.3,50,221
0,0,38.68,3.65,43.1,0,0.3,40,208.8
0,0,38.68,3.65,43.1,0,0.3,20,169.8
0,0,38.68,3.65,43.1,0,0.3,10,145
1,0,8.84,15,66.2,8.22,0.3,10,262
0,0,8,15,453,4.2,0.3,10,396
0,1,4,1.56,1135,12,0.3,10,11
0,1,4,1.56,1135,12,0.3,20,13.4
0,1,4,1.56,1135,12,0.3,40,17
0,1,4,1.56,1135,12,0.3,50,17.4
0,1,4,0.35,1135,12,0.3,10,53
0,1,4,0.35,1135,12,0.3,20,77.5
1,0,62.92,28.38,41.37,3.51,14,100,218
1,0,62.92,28.38,41.37,3.51,14,10,28
1,0,20.35,14.51,157,0,0.3,80,337
1,0,20.35,14.51,157,0,0.3,60,317
1,0,20.35,14.51,157,0,0.3,50,304
1,0,20.35,14.51,157,0,0.3,40,287
1,0,20.35,14.51,157,0,0.3,20,233
1,0,20.35,14.51,157,0,0.3,10,186
1,0,23.73,11.58,157,0,0.3,80,535
1,0,23.73,11.58,157,0,0.3,60,511
1,0,23.73,11.58,157,0,0.3,50,501
1,0,23.73,11.58,157,0,0.3,40,486
1,0,23.73,11.58,157,0,0.3,20,443
1,0,23.73,11.58,157,0,0.3,10,400
1,0,22,9.76,157,0,0.3,80,477
1,0,22,9.76,157,0,0.3,60,457
1,0,22,9.76,157,0,0.3,50,440
1,0,22,9.76,157,0,0.3,40,424
1,0,22,9.76,157,0,0.3,20,376
1,0,22,9.76,157,0,0.3,10,334
0,0,19.26,21.04,157,0,0.3,80,583
0,0,19.26,21.04,157,0,0.3,60,564
0,0,19.26,21.04,157,0,0.3,50,555
0,0,19.26,21.04,157,0,0.3,40,543
0,0,19.26,21.04,157,0,0.3,20,508
0,0,19.26,21.04,157,0,0.3,10,471
0,0,30.24,13.86,157,0,0.3,80,553
0,0,30.24,13.86,157,0,0.3,60,536
0,0,30.24,13.86,157,0,0.3,50,522
0,0,30.24,13.86,157,0,0.3,40,512
0,0,30.24,13.86,157,0,0.3,20,472
0,0,30.24,13.86,157,0,0.3,10,437
1,0,29.4,21,271,3.25,14,60,378
1,0,29.4,21,271,3.25,14,50,358
1,0,29.4,21,271,3.25,14,40,333
1,0,29.4,21,271,3.25,14,20,276
1,0,29.4,21,271,3.25,14,10,230
1,0,20.3,10,712,0,7.4,60,370
1,0,20.3,10,712,0,7.4,50,312
1,0,20.3,10,712,0,7.4,40,259
1,0,20.3,10,712,0,14,50,123
1,0,20.3,10,712,0,0.3,50,123
1,0,20.3,10,712,0,7.4,20,123
1,0,20.3,10,712,0,14,40,100
1,0,20.3,10,712,0,0.3,40,100
1,0,20.3,10,712,0,14,20,50
1,0,20.3,10,712,0,0.3,20,50
1,0,20.3,10,712,0,7.4,10,49
1,0,20.3,10,712,0,14,10,21
1,0,20.3,10,712,0,0.3,10,21
0,0,18.5,10,1262,0,7.4,10,709
0,0,18.5,10,1262,0,0.3,20,552
0,0,18.5,10,1262,0,0.3,10,414
0,0,18.5,10,1262,0,14,40,271
0,0,18.5,10,1262,0,14,20,186
0,0,18.5,10,1262,0,14,10,127
0,0,1.86,10,970,0,7.4,60,429
0,0,1.86,10,970,0,7.4,50,362
0,0,1.86,10,970,0,7.4,40,294
0,0,1.86,10,970,0,0.3,60,188
0,0,1.86,10,970,0,0.3,50,170
0,0,1.86,10,970,0,0.3,40,153
0,0,1.86,10,970,0,7.4,20,152
0,0,1.86,10,970,0,14,50,125
0,0,1.86,10,970,0,0.3,20,109
0,0,1.86,10,970,0,14,40,105
0,0,1.86,10,970,0,0.3,10,78
0,0,1.86,10,970,0,7.4,10,69
0,0,1.86,10,970,0,14,20,59
0,0,1.86,10,970,0,14,10,31
0,0,0,0,1092,0,0.3,10,517
0,0,0,0,1092,0,14,10,370
1,0,22.4,30,257.2,2.3,0.3,100,354
1,0,22.4,30,257.2,2.3,14,100,336
1,0,22.4,30,257.2,2.3,0.3,80,316
1,0,22.4,30,257.2,2.3,14,80,289
1,0,22.4,30,257.2,2.3,0.3,60,271
1,0,22.4,30,257.2,2.3,0.3,50,244
1,0,22.4,30,257.2,2.3,14,60,239
1,0,22.4,30,257.2,2.3,0.3,40,217
1,0,22.4,30,257.2,2.3,14,50,211
1,0,22.4,30,257.2,2.3,14,40,185
1,0,22.4,30,257.2,2.3,0.3,20,152
1,0,22.4,30,257.2,2.3,14,20,118
1,0,22.4,30,257.2,2.3,0.3,10,116
1,0,22.4,30,257.2,2.3,14,10,70
1,0,15.4,30,257.2,1.8,0.3,100,300
1,0,15.4,30,257.2,1.8,0.3,80,265
1,0,15.4,30,257.2,1.8,14,100,247
1,0,15.4,30,257.2,1.8,0.3,60,229
1,0,15.4,30,257.2,1.8,14,80,210
1,0,15.4,30,257.2,1.8,0.3,50,208
1,0,15.4,30,257.2,1.8,0.3,40,186
1,0,15.4,30,257.2,1.8,14,60,169
1,0,15.4,30,257.2,1.8,14,50,148
1,0,15.4,30,257.2,1.8,0.3,20,132
1,0,15.4,30,257.2,1.8,14,40,122
1,0,15.4,30,257.2,1.8,0.3,10,94
1,0,15.4,30,257.2,1.8,14,20,68
1,0,15.4,30,257.2,1.8,14,10,27
0,0,18.3,30,257.2,1.65,0.3,40,649
0,0,18.3,30,257.2,1.65,0.3,20,561
0,0,18.3,30,257.2,1.65,0.3,10,484
0,0,18.3,30,257.2,1.65,14,20,318
0,0,18.3,30,257.2,1.65,14,10,273
1,1,7.91,7.3,658,1.77,14,80,391
1,1,7.91,7.3,658,1.77,14,60,317
1,1,7.91,7.3,658,1.77,14,50,276
1,1,7.91,7.3,658,1.77,14,40,233
1,1,7.91,7.3,658,1.77,14,20,136
1,1,7.91,7.3,658,1.77,14,10,83
1,1,7.64,7.3,681,1.8,14,150,360
1,1,7.64,7.3,681,1.8,14,100,260
1,1,7.64,7.3,681,1.8,14,80,216
1,1,7.64,7.3,681,1.8,14,60,172
1,1,7.64,7.3,681,1.8,14,50,150
1,1,7.64,7.3,681,1.8,14,40,125
1,1,7.64,7.3,681,1.8,14,20,68
1,1,7.64,7.3,681,1.8,14,10,38
1,1,6.36,7.3,702,1.89,14,100,394
1,1,6.36,7.3,702,1.89,14,80,346
1,1,6.36,7.3,702,1.89,14,60,294
1,1,6.36,7.3,702,1.89,14,50,264
1,1,6.36,7.3,702,1.89,14,40,230
1,1,6.36,7.3,702,1.89,14,20,146
1,1,6.36,7.3,702,1.89,14,10,82
1,1,14.2,7.2,588,1.48,14,60,391
1,1,14.2,7.2,588,1.48,14,50,348
1,1,14.2,7.2,588,1.48,14,40,304
1,1,14.2,7.2,588,1.48,14,20,190
1,1,14.2,7.2,588,1.48,14,10,118
1,1,10.74,7.2,717,1.9,14,100,367
1,1,10.74,7.2,717,1.9,14,80,306
1,1,10.74,7.2,717,1.9,14,60,246
1,1,10.74,7.2,717,1.9,14,50,215
1,1,10.74,7.2,717,1.9,14,40,184
1,1,10.74,7.2,717,1.9,14,20,112
1,1,10.74,7.2,717,1.9,14,10,69
1,1,9.87,7.2,730,1.96,14,60,397
1,1,9.87,7.2,730,1.96,14,50,344
1,1,9.87,7.2,730,1.96,14,40,288
1,1,9.87,7.2,730,1.96,14,20,161
1,1,9.87,7.2,730,1.96,14,10,90
1,1,6.16,7.2,680,1.82,14,150,386
1,1,6.16,7.2,680,1.82,14,100,280
1,1,6.16,7.2,680,1.82,14,80,232
1,1,6.16,7.2,680,1.82,14,60,182
1,1,6.16,7.2,680,1.82,14,50,157
1,1,6.16,7.2,680,1.82,14,40,131
1,1,6.16,7.2,680,1.82,14,20,73
1,1,6.16,7.2,680,1.82,14,10,40
1,1,11.44,7.1,476,1.74,14,80,431
1,1,11.44,7.1,476,1.74,14,60,367
1,1,11.44,7.1,476,1.74,14,50,333
1,1,11.44,7.1,476,1.74,14,40,293
1,1,11.44,7.1,476,1.74,14,20,194
1,1,11.44,7.1,476,1.74,14,10,126
0,1,6.22,5.5,842,1.82,14,150,323
0,1,6.22,5.5,842,1.82,14,100,235
0,1,6.22,5.5,842,1.82,14,80,194
0,1,6.22,5.5,842,1.82,14,60,155
0,1,6.22,5.5,842,1.82,14,50,133
0,1,6.22,5.5,842,1.82,14,40,111
0,1,6.22,5.5,842,1.82,14,20,60
0,1,6.22,5.5,842,1.82,14,10,30
0,0,4.15,7.5,750,6.9,14,60,450
0,0,4.15,7.5,750,6.9,14,50,428
0,0,4.15,7.5,750,6.9,14,40,404
0,0,4.15,7.5,750,6.9,14,20,345
0,0,4.15,7.5,750,6.9,14,10,298
0,1,20,3.32,200.1,0,0.3,10,42.03
0,1,20,3.32,200.1,0,0.3,20,51
0,1,20,3.32,200.1,0,0.3,40,63
0,1,20,3.32,200.1,0,0.3,50,67
0,1,20,3.32,200.1,0,0.3,100,87.4
0,1,2,0.61,282,12.08,0.3,10,35.28
0,1,2,0.61,282,12.08,0.3,20,43
0,1,2,0.61,282,12.08,0.3,40,50
0,1,2,0.61,282,12.08,0.3,50,54
0,1,2,0.61,282,12.08,0.3,100,69
0,1,1,0.54,282,12.08,0.3,10,47.2
0,1,1,0.54,282,12.08,0.3,20,56
0,1,1,0.54,282,12.08,0.3,40,68
0,1,1,0.54,282,12.08,0.3,50,73
0,1,1,0.54,282,12.08,0.3,100,100
0,1,0.5,0.35,282,12.08,0.3,10,66.1
0,1,0.5,0.35,282,12.08,0.3,20,98
0,1,0.5,0.35,282,12.08,0.3,40,146
0,1,0.5,0.35,282,12.08,0.3,50,164
0,1,0.25,0.35,282,12.08,0.3,10,95.75
0,1,0.25,0.35,282,12.08,0.3,20,141
0,1,5.4,0.35,122,0,0,10,26
0,1,5.4,0.35,122,0,0,20,38
0,1,5.4,0.35,122,0,0,40,61
0,1,5.4,0.35,122,0,0,50,71
0,1,5.4,0.35,122,0,0,100,112
0,1,20.3,4.24,36.1,0,0.3,10,18.2
0,1,20.3,4.24,36.1,0,0.3,20,22
0,1,20.3,4.24,36.1,0,14,10,63
0,1,20.3,4.24,36.1,0,14,20,97
0,1,17.2,3.05,55.8,0,0.3,10,14.3
0,1,17.2,3.05,55.8,0,0.3,20,21
0,1,17.2,3.05,55.8,0,14,10,37.2
0,1,17.2,3.05,55.8,0,14,20,72
0,1,15.7,2.93,46.7,0,0.3,10,16.5
0,1,15.7,2.93,46.7,0,0.3,20,17
0,1,15.7,2.93,46.7,0,14,10,48.4
0,1,15.7,2.93,46.7,0,14,20,56
0,1,11.24,10,96.5,3.4,0.3,10,32
0,1,11.24,10,96.5,3.4,0.3,20,36.7
0,1,11.24,10,96.5,3.4,0.3,40,42.5
0,1,11.24,10,96.5,3.4,0.3,50,43.3
0,1,11.24,10,96.5,3.4,0.3,100,54.3
0,1,11.24,10,96.5,3.4,0.3,150,66
0,1,11.24,10,96.5,3.4,14,10,64
0,1,11.24,10,96.5,3.4,14,20,96
0,1,11.24,10,96.5,3.4,14,40,144
0,1,11.24,10,96.5,3.4,14,50,166
0,1,11.24,10,96.5,3.4,7.4,10,34.6
0,1,11.24,10,96.5,3.4,7.4,20,80
0,1,11.24,10,96.5,3.4,7.4,40,158
0,1,11.24,10,96.5,3.4,7.4,50,190
0,1,9.5,5,109.75,4.5,0.3,10,32
0,1,9.5,5,109.75,4.5,0.3,20,37.5
0,1,9.5,5,109.75,4.5,0.3,40,49
0,1,9.5,5,109.75,4.5,0.3,50,57.2
0,1,9.5,5,109.75,4.5,0.3,100,99.8
0,1,9.5,5,109.75,4.5,0.3,150,141
0,1,9.5,5,109.75,4.5,14,10,62
0,1,9.5,5,109.75,4.5,14,20,97
0,1,9.5,5,109.75,4.5,14,40,145
0,1,9.5,5,109.75,4.5,14,50,165
0,1,9.5,5,109.75,4.5,14,100,234
0,1,9.5,5,109.75,4.5,7.4,10,20
0,1,9.5,5,109.75,4.5,7.4,20,58
0,1,9.5,5,109.75,4.5,7.4,40,120
0,1,9.5,5,109.75,4.5,7.4,50,149
0,1,7.49,5,128.4,3.5,0.3,10,27
0,1,7.49,5,128.4,3.5,0.3,20,31
0,1,7.49,5,128.4,3.5,0.3,40,37.6
0,1,7.49,5,128.4,3.5,0.3,50,39.4
0,1,7.49,5,128.4,3.5,0.3,100,47.9
0,1,7.49,5,128.4,3.5,0.3,150,51.5
0,1,7.49,5,128.4,3.5,0.3,200,57
0,1,7.49,5,128.4,3.5,14,10,47
0,1,7.49,5,128.4,3.5,14,20,73
0,1,7.49,5,128.4,3.5,14,40,106
0,1,7.49,5,128.4,3.5,14,50,121
0,1,7.49,5,128.4,3.5,14,100,173
0,1,7.49,5,128.4,3.5,7.4,10,25
0,1,7.49,5,128.4,3.5,7.4,20,26
0,1,7.49,5,128.4,3.5,7.4,40,52
0,1,7.49,5,128.4,3.5,7.4,50,66
0,1,3.75,5,136.6,3.7,0.3,10,29
0,1,3.75,5,136.6,3.7,0.3,20,34.8
0,1,3.75,5,136.6,3.7,0.3,40,41.8
0,1,3.75,5,136.6,3.7,0.3,50,44.4
0,1,3.75,5,136.6,3.7,0.3,100,56.2
0,1,3.75,5,136.6,3.7,0.3,150,63.5
0,1,3.75,5,136.6,3.7,14,10,55
0,1,3.75,5,136.6,3.7,14,20,85.5
0,1,3.75,5,136.6,3.7,14,40,129.5
0,1,3.75,5,136.6,3.7,14,50,147
0,1,3.75,5,136.6,3.7,14,100,214
0,1,3.75,5,136.6,3.7,7.4,10,62
0,1,3.75,5,136.6,3.7,7.4,20,93.4
0,1,3.75,5,136.6,3.7,7.4,40,148
0,1,3.75,5,136.6,3.7,7.4,50,166
0,0,0,0,160.63,5,0.3,10,660
0,0,0,0,160.63,5,0.3,20,703
0,0,0,0,160.63,5,0.3,40,755
0,0,0,0,160.63,5,14,10,766
0,0,0,0,160.63,5,7.4,10,694
0,0,0,0,507,3.65,14,20,456
0,0,0,0,507,3.65,14,10,392
0,1,31.4,5,485,4.52,0.3,10,50
0,1,31.4,5,485,4.52,0.3,20,74
0,1,20.1,5,509,3.05,0.3,10,66
0,1,20.1,5,509,3.05,0.3,20,92
0,1,13.6,5,491,7.22,0.3,10,47
0,1,13.6,5,491,7.22,0.3,20,68.5
0,1,0.13,5,461,11.62,0.3,10,210
0,1,0.13,5,461,11.62,0.3,20,267
0,0,0,0,461,11.62,0.3,10,582
0,0,0,0,461,11.62,0.3,20,661
0,0,0,0,485,4.52,0.3,10,626
0,0,0,0,485,4.52,0.3,20,686
0,0,0,0,491,7.22,0.3,10,513
0,0,0,0,491,7.22,0.3,20,598
0,0,0,0,509,3.05,0.3,10,700
0,0,0,0,509,3.05,0.3,20,759
1,0,43.86,20,146.3,9.36,0.3,10,248.9
1,0,40.93,20,94.8,5.84,0.3,10,127.8
1,0,35.26,20,162.6,9.17,0.3,10,151.2
1,0,24.18,20,227.2,10.15,0.3,10,272.9
0,0,10.74,10,204.2,0,14,100,269
0,0,10.74,10,204.2,0,14,80,246
0,0,10.74,10,204.2,0,14,60,218
0,0,10.74,10,204.2,0,14,50,205
0,0,10.74,10,204.2,0,14,40,188
0,0,10.74,10,204.2,0,14,20,152
0,0,10.74,10,204.2,0,14,10,128
0,1,3,0.35,28,0,0.3,10,69
0,1,3,0.35,28,0,0.3,20,95.7
0,1,3,0.35,28,0,0.3,40,139
0,1,3,0.35,28,0,0.3,50,157
0,1,1.5,0.35,28,0,0.3,10,66
0,1,1.5,0.35,28,0,0.3,20,90
0,1,1.5,0.35,28,0,0.3,40,129
0,1,1.5,0.35,28,0,0.3,50,146.9
0,1,0.5,0.35,28,0,0.3,10,60
0,1,0.5,0.35,28,0,0.3,20,84
0,1,0.5,0.35,28,0,0.3,40,125
0,1,0.5,0.35,28,0,0.3,50,143.5
0,1,0.1,0.35,28,0,0.3,10,61.3
0,1,0.1,0.35,28,0,0.3,20,87
0,1,0.1,0.35,28,0,0.3,40,130
0,1,0.1,0.35,28,0,0.3,50,149
0,1,1.5,3,1129.26,12.4,0.3,10,33.9
0,1,1.5,3,1129.26,12.4,0.3,60,50
0,1,0.95,3,1020.36,11.2,0.3,10,15.9
0,1,0.95,3,1020.36,11.2,0.3,60,85
0,1,0.8,3,587.3,9,0.3,10,16
0,1,0.8,3,587.3,9,0.3,60,94
0,1,0.6,3,248.52,8.5,0.3,10,26.4
0,1,0.6,3,248.52,8.5,0.3,60,123
1,1,1.5,0.35,1247.81,4.8,0.3,10,188
1,1,1.5,0.35,1247.81,4.8,0.3,20,262
1,1,1.5,0.35,900.21,4.8,0.3,10,332
1,1,1.5,0.35,900.21,4.8,0.3,20,452
1,1,1.5,0.35,879.21,4.8,0.3,10,209
1,1,1.5,0.35,879.21,4.8,0.3,20,315
1,1,1.5,0.35,744.58,4.8,0.3,10,189
1,1,1.5,0.35,744.58,4.8,0.3,20,230
1,1,1.5,0.35,586.82,4.8,0.3,10,51
1,1,1.5,0.35,586.82,4.8,0.3,20,93
0,1,0.452,1,86.67,1.4,0.3,10,49.5
0,1,0.452,1,86.67,1.4,0.3,20,61
0,1,0.452,1,86.67,1.4,0.3,40,76
0,1,0.452,1,86.67,1.4,0.3,50,81
0,1,0.452,1,86.67,1.4,0.3,100,105
0,1,0.323,0.35,86.51,0.68,0.3,10,43.9
0,1,0.323,0.35,86.51,0.68,0.3,20,52
0,1,0.323,0.35,86.51,0.68,0.3,40,64
0,1,0.323,0.35,86.51,0.68,0.3,50,69.5
0,1,0.323,0.35,86.51,0.68,0.3,100,90.5
0,1,3.6,3.2,516,12.4,1,10,57
0,1,3.6,3.2,516,12.4,1,20,103
0,1,3.6,3.2,516,12.4,1,40,192
0,1,3.6,3.2,516,12.4,1,50,236
0,1,3.6,3.2,516,12.4,1,60,278
1,1,24.83,7.5,29,0,13,10,370
1,1,19.65,7.5,34.4,0,13,10,280
0,1,46,3.5,36,0,13,10,470
1,1,10.11,6,347,4.3,14,100,220
1,1,10.11,6,347,4.3,14,80,202
1,1,10.11,6,347,4.3,14,60,177
1,1,10.11,6,347,4.3,14,50,159
1,1,10.11,6,347,4.3,14,40,139
1,1,10.11,6,347,4.3,14,20,79
1,1,10.11,6,347,4.3,14,10,42
1,1,6.95,2.5,2809.7,37.69,0.3,10,29
1,1,6.95,2.5,2809.7,37.69,0.3,20,38
1,1,6.95,2.5,2809.7,37.69,0.3,40,45
1,1,6.95,2.5,2809.7,37.69,0.3,50,48
1,1,6.95,2.5,2809.7,37.69,0.3,60,50.5
1,1,6.95,2.5,2809.7,37.69,14,10,46
1,1,6.95,2.5,2809.7,37.69,14,20,83
1,1,6.95,2.5,2809.7,37.69,14,40,120
1,1,6.95,2.5,2809.7,37.69,14,50,134
0,1,10,3.5,254,0,0.3,10,41
0,1,10,3.5,254,0,0.3,20,49
0,1,10,3.5,254,0,0.3,40,57.6
0,1,10,3.5,254,0,0.3,50,60.4
0,1,10,3.5,254,0,0.3,60,64.7
0,1,10,3.5,254,0,14,10,64
0,1,10,3.5,254,0,14,20,161
0,1,14,2.5,2809.7,37.69,0.3,10,58
0,1,14,2.5,2809.7,37.69,0.3,20,69
0,1,14,2.5,2809.7,37.69,0.3,40,83
0,1,14,2.5,2809.7,37.69,0.3,50,90
0,1,14,2.5,2809.7,37.69,0.3,60,96
0,1,14,2.5,2809.7,37.69,14,10,50
0,1,14,2.5,2809.7,37.69,14,20,93
0,1,14,2.5,2809.7,37.69,14,40,166
0,1,14,2.5,2809.7,37.69,14,50,192
1,1,11.52,2.1,844.1,27,0.3,80,60
1,1,11.52,2.1,844.1,27,0.3,60,52
1,1,11.52,2.1,844.1,27,0.3,50,48
1,1,11.52,2.1,844.1,27,0.3,40,45
1,1,11.52,2.1,844.1,27,0.3,20,35.5
1,1,11.52,2.1,844.1,27,0.3,10,27
0,1,9.58,2.1,839.24,27,0.3,80,108
0,1,9.58,2.1,839.24,27,0.3,60,90
0,1,9.58,2.1,839.24,27,0.3,50,80
0,1,9.58,2.1,839.24,27,0.3,40,71
0,1,9.58,2.1,839.24,27,0.3,20,50
0,1,9.58,2.1,839.24,27,0.3,10,38
1,0,11.23,28,169.47,0,14,100,259
1,0,11.23,28,169.47,0,14,80,234
1,0,11.23,28,169.47,0,14,60,204
1,0,11.23,28,169.47,0,14,50,186
1,0,11.23,28,169.47,0,14,40,167
1,0,11.23,28,169.47,0,14,20,120
1,0,11.23,28,169.47,0,14,10,78
1,0,100,5,4.3,0,14,100,148
1,0,100,5,4.3,0,14,80,124
1,0,100,5,4.3,0,14,60,96
1,0,100,5,4.3,0,14,50,84
1,0,100,5,4.3,0,14,40,72
1,0,100,5,4.3,0,14,20,42
1,0,100,5,4.3,0,14,10,21
1,0,14,25,193.9,3.1,0.3,100,404
1,0,14,25,193.9,3.1,0.3,80,360
1,0,14,25,193.9,3.1,0.3,60,310
1,0,14,25,193.9,3.1,0.3,50,279
1,0,14,25,193.9,3.1,0.3,40,245
1,0,14,25,193.9,3.1,0.3,20,152
1,0,14,25,193.9,3.1,0.3,10,63
0,0,4.1,5,193.9,1.8,0.3,60,468
0,0,4.1,5,193.9,1.8,0.3,50,438
0,0,4.1,5,193.9,1.8,0.3,40,403
0,0,4.1,5,193.9,1.8,0.3,20,285
0,0,4.1,5,193.9,1.8,0.3,10,120
1,0,18.14,30,343.3,1.22,14,60,409
1,0,18.14,30,343.3,1.22,14,50,395
1,0,18.14,30,343.3,1.22,14,40,377
1,0,18.14,30,343.3,1.22,14,20,327
1,0,18.14,30,343.3,1.22,14,10,277
1,0,18.93,28,312.6,1.22,14,60,313
1,0,18.93,28,312.6,1.22,14,50,301
1,0,18.93,28,312.6,1.22,14,40,286
1,0,18.93,28,312.6,1.22,14,20,243
1,0,18.93,28,312.6,1.22,14,10,203
1,0,19.15,20,320.1,1.22,14,60,338
1,0,19.15,20,320.1,1.22,14,50,326
1,0,19.15,20,320.1,1.22,14,40,313
1,0,19.15,20,320.1,1.22,14,20,268
1,0,19.15,20,320.1,1.22,14,10,232
0,0,18.52,35,238.5,1.22,14,60,363
0,0,18.52,35,238.5,1.22,14,50,350
0,0,18.52,35,238.5,1.22,14,40,337
0,0,18.52,35,238.5,1.22,14,20,296
0,0,18.52,35,238.5,1.22,14,10,259
0,0,18.08,25,329.6,1.22,14,60,430
0,0,18.08,25,329.6,1.22,14,50,414
0,0,18.08,25,329.6,1.22,14,40,396
0,0,18.08,25,329.6,1.22,14,20,343
0,0,18.08,25,329.6,1.22,14,10,296
0,1,7.2,3.76,766,2.29,0.3,10,91
0,1,7.2,3.76,766,2.29,0.3,20,133
0,1,7.2,3.76,766,2.29,0.3,40,207
0,1,7.2,3.76,766,2.29,0.3,50,243
0,1,7.2,3.76,2871,3.53,0.3,10,8
0,1,7.2,3.76,2871,3.53,0.3,20,18.2
0,1,7.2,3.76,2871,3.53,0.3,40,36.5
0,1,7.2,3.76,2871,3.53,0.3,50,44.6
0,1,7.2,3.76,2871,3.53,0.3,60,50
0,1,7.2,3.76,2871,3.53,0.3,100,81
0,1,7.2,3.76,2871,3.53,14,10,41
0,1,7.2,3.76,2871,3.53,14,20,53.5
0,1,7.2,3.76,2871,3.53,14,40,70.3
0,1,7.2,3.76,2871,3.53,14,50,78.7
0,1,7.2,3.76,2871,3.53,7.4,10,65
0,1,7.2,3.76,2871,3.53,7.4,20,79.3
0,1,7.2,3.76,2871,3.53,7.4,40,102
0,1,7.2,3.76,2871,3.53,7.4,50,112
0,1,2.3,2.1,660,0,0.3,10,33.2
0,1,2.3,2.1,660,0,0.3,20,43.5
0,1,2.3,2.1,660,0,0.3,40,56.3
0,1,2.3,2.1,660,0,0.3,50,61.2
0,1,2.3,2.1,660,0,0.3,60,64.8
0,1,2.3,2.1,660,0,0.3,100,78
0,1,10,3.5,254,0,0.3,10,31.7
0,1,10,3.5,254,0,0.3,20,44.9
0,1,10,3.5,254,0,0.3,40,68.6
0,1,10,3.5,254,0,0.3,50,78.2
0,1,10,3.5,254,0,0.3,60,88.5
0,1,2.7,2.1,883,0,0.3,10,37.1
1,0,91.4,20,83.5,0,14,200,305
1,0,91.4,20,83.5,0,14,150,285
1,0,91.4,20,83.5,0,14,100,259
1,0,91.4,20,83.5,0,14,80,244
1,0,91.4,20,83.5,0,14,60,224
1,0,91.4,20,83.5,0,14,50,212
1,0,91.4,20,83.5,0,14,40,196
1,0,91.4,20,83.5,0,14,20,149
1,0,91.4,20,83.5,0,14,10,104
0,0,86.8,20,22.9,0,14,200,423
0,0,86.8,20,22.9,0,14,150,414
0,0,86.8,20,22.9,0,14,100,398
0,0,86.8,20,22.9,0,14,80,387
0,0,86.8,20,22.9,0,14,60,372
0,0,86.8,20,22.9,0,14,50,361
0,0,86.8,20,22.9,0,14,40,347
0,0,86.8,20,22.9,0,14,20,292
0,0,86.8,20,22.9,0,14,10,206
0,0,85,20,62.8,0,14,200,315
0,0,85,20,62.8,0,14,150,291
0,0,85,20,62.8,0,14,100,257
0,0,85,20,62.8,0,14,80,243
0,0,85,20,62.8,0,14,60,224
0,0,85,20,62.8,0,14,50,211
0,0,85,20,62.8,0,14,40,195
0,0,85,20,62.8,0,14,20,147
0,0,85,20,62.8,0,14,10,110
1,0,63.33,30,30.3,10.06,14,200,242
1,0,63.33,30,30.3,10.06,14,150,220
1,0,63.33,30,30.3,10.06,14,100,195
1,0,63.33,30,30.3,10.06,14,80,183
1,0,63.33,30,30.3,10.06,14,60,169
1,0,63.33,30,30.3,10.06,14,50,161
1,0,63.33,30,30.3,10.06,14,40,152
1,0,63.33,30,30.3,10.06,14,20,126
1,0,63.33,30,30.3,10.06,14,10,100
1,1,10,15,79.01,0,14,100,231
1,1,10,15,79.01,0,14,80,193
1,1,10,15,79.01,0,14,60,150
1,1,10,15,79.01,0,14,50,130
1,1,10,15,79.01,0,14,40,108
1,1,10,15,79.01,0,14,20,65
1,1,10,15,79.01,0,14,10,39
1,0,10,5,50.66,0,14,100,262
1,0,10,5,50.66,0,14,80,225
1,0,10,5,50.66,0,14,60,186
1,0,10,5,50.66,0,14,50,165
1,0,10,5,50.66,0,14,40,145
1,0,10,5,50.66,0,14,20,100
1,0,10,5,50.66,0,14,10,74
0,0,10,4,47.4,0,14,100,308
0,0,10,4,47.4,0,14,80,272
0,0,10,4,47.4,0,14,60,230
0,0,10,4,47.4,0,14,50,209
0,0,10,4,47.4,0,14,40,188
0,0,10,4,47.4,0,14,20,142
0,0,10,4,47.4,0,14,10,114
0,1,5.8,4.3,27.2,0,0.3,10,39.5
0,1,5.8,4.3,27.2,0,0.3,20,49.3
0,1,5.8,4.3,27.2,0,0.3,40,64.5
0,1,5.8,4.3,27.2,0,0.3,50,70.4
0,1,5.8,4.3,27.2,0,0.3,60,76.3
0,1,5.8,4.3,27.2,0,0.3,100,96.9
0,1,5.7,4.3,57.8,6,0.3,10,22
0,1,5.7,4.3,57.8,6,0.3,20,25.4
0,1,5.7,4.3,57.8,6,0.3,40,31.3
0,1,5.7,4.3,57.8,6,0.3,50,33.8
0,1,5.7,4.3,57.8,6,0.3,60,36.3
0,1,5.7,4.3,57.8,6,0.3,100,45.2
1,0,51.4,17.2,233.47,0,0.3,20,63
1,0,51.4,17.2,233.47,0,0.3,10,50
1,0,61.2,16,240.05,0,0.3,20,55
1,0,61.2,16,240.05,0,0.3,10,40
1,0,27.1,14.5,234.02,0,0.3,20,82
1,0,27.1,14.5,234.02,0,0.3,10,70
0,0,11.4,13,44.98,0,0.3,20,286
0,0,11.4,13,44.98,0,0.3,10,220
0,0,7.1,6.6,268.29,0,0.3,20,189
0,0,7.1,6.6,268.29,0,0.3,10,158
1,0,12.5,15,373,8.1,14,40,361
1,0,12.5,15,373,8.1,14,100,314
1,0,12.5,15,373,8.1,14,80,301
1,0,12.5,15,373,8.1,14,60,283
1,0,12.5,15,373,8.1,14,50,273
1,0,12.5,15,373,8.1,14,20,228
1,0,12.5,15,373,8.1,14,10,198
1,1,4.24,2.75,1054.7,0.89,14,20,102
1,1,4.24,2.75,1054.7,0.89,14,10,67
1,1,27.91,20,110.1,15.94,0.3,50,101
1,1,27.91,20,110.1,15.94,0.3,40,95
1,1,27.91,20,110.1,15.94,0.3,20,76.32
1,1,27.91,20,110.1,15.94,13,50,67
1,1,27.91,20,110.1,15.94,0.3,10,63
1,1,27.91,20,110.1,15.94,13,40,52
1,1,27.91,20,110.1,15.94,13,20,33.8
1,1,27.91,20,110.1,15.94,13,10,27
1,1,27.91,19,110.1,13.4,13,10,26.7
1,1,27.91,19,110.1,13.4,13,20,34
1,1,27.91,19,110.1,13.4,13,40,53.5
1,1,27.91,19,110.1,13.4,13,50,67.3
1,1,27.91,19,110.1,13.4,0.3,10,65
1,1,27.91,19,110.1,13.4,0.3,20,76.9
1,1,27.91,19,110.1,13.4,0.3,40,93.3
1,1,27.91,19,110.1,13.4,0.3,50,102
0,0,55.61,20,91.98,2.15,0.3,50,862
0,0,55.61,20,91.98,2.15,0.3,40,812
0,0,55.61,20,91.98,2.15,0.3,20,709.8
0,0,55.61,20,91.98,2.15,0.3,10,589
0,0,55.61,20,91.98,2.15,13,50,479
0,0,55.61,20,91.98,2.15,13,40,422
0,0,55.61,20,91.98,2.15,13,20,327
0,0,55.61,20,91.98,2.15,13,10,260
0,1,1.26,4.2,604.94,0,14,10,42
0,1,1.26,4.2,604.94,0,14,20,61
0,1,1.26,4.2,604.94,0,14,40,86
0,1,1.26,4.2,604.94,0,14,50,97
0,1,1.26,4.2,604.94,0,14,60,105
0,1,1.26,4.2,604.94,0,14,100,137
0,1,2.17,4,604.94,0,14,10,65
0,1,2.17,4,604.94,0,14,20,95
0,1,2.17,4,604.94,0,14,40,137
0,1,2.17,4,604.94,0,14,50,156
0,1,2.17,4,604.94,0,14,60,170
0,1,2.17,4,604.94,0,14,100,217
1,0,45.2,30,184.92,3.58,0.3,100,66
1,0,45.2,30,184.92,3.58,0.3,80,49
1,0,45.2,30,184.92,3.58,0.3,60,41
1,0,45.2,30,184.92,3.58,0.3,50,36
1,0,45.2,30,184.92,3.58,0.3,40,33
1,0,45.2,30,184.92,3.58,0.3,20,27.5
1,0,45.2,30,184.92,3.58,0.3,10,24
1,1,27,1.9,161,32.34,13,50,124
1,1,27,1.9,161,32.34,13,40,111
1,1,27,1.9,161,32.34,0.3,20,82
1,1,27,1.9,161,32.34,13,20,81
1,1,27,1.9,161,32.34,13,10,61
1,1,27,1.9,161,32.34,0.3,10,53
1,1,4.42,5,1715,2.9,13,10,46
1,1,3.5,5,1715,2.08,13,10,224
0,1,3.24,5,1715,1.23,13,10,80
1,0,2.17,2.5,1.03,0,14,80,248
1,0,2.17,2.5,1.03,0,14,60,212
1,0,2.17,2.5,1.03,0,14,50,193
1,0,2.17,2.5,1.03,0,0.3,80,175
1,0,2.17,2.5,1.03,0,14,40,171
1,0,2.17,2.5,1.03,0,0.3,60,144
1,0,2.17,2.5,1.03,0,0.3,50,125
1,0,2.17,2.5,1.03,0,14,20,123
1,0,2.17,2.5,1.03,0,0.3,40,105
1,0,2.17,2.5,1.03,0,14,10,93
1,0,2.17,2.5,1.03,0,0.3,20,61
1,0,2.17,2.5,1.03,0,0.3,10,34
1,1,8.28,5,323,0,14,100,92.7
1,1,8.28,5,323,0,14,10,16
1,1,7.49,5,287,4.69,14,100,50
1,1,7.49,5,287,4.69,14,10,7
1,0,6.84,3.5,716.3,0,7.4,40,200
1,0,6.84,3.5,716.3,0,0.3,100,170
1,0,6.84,3.5,716.3,0,0.3,80,161
1,0,6.84,3.5,716.3,0,7.4,20,150
1,0,6.84,3.5,716.3,0,0.3,60,148
1,0,6.84,3.5,716.3,0,0.3,50,141
1,0,6.84,3.5,716.3,0,0.3,40,133
1,0,6.84,3.5,716.3,0,14,100,128
1,0,6.84,3.5,716.3,0,14,80,116
1,0,6.84,3.5,716.3,0,0.3,20,108
1,0,6.84,3.5,716.3,0,7.4,10,101
1,0,6.84,3.5,716.3,0,14,60,100
1,0,6.84,3.5,716.3,0,14,50,90
1,0,6.84,3.5,716.3,0,0.3,10,85
1,0,6.84,3.5,716.3,0,14,40,79
1,0,6.84,3.5,716.3,0,14,20,48
1,0,6.84,3.5,716.3,0,14,10,23
1,0,4.43,3.5,716.3,0,0.3,100,116
1,0,4.43,3.5,716.3,0,0.3,80,109
1,0,4.43,3.5,716.3,0,14,100,101
1,0,4.43,3.5,716.3,0,0.3,60,100
1,0,4.43,3.5,716.3,0,0.3,50,94
1,0,4.43,3.5,716.3,0,14,80,91
1,0,4.43,3.5,716.3,0,0.3,40,87
1,0,4.43,3.5,716.3,0,7.4,40,86
1,0,4.43,3.5,716.3,0,14,60,76
1,0,4.43,3.5,716.3,0,14,50,69
1,0,4.43,3.5,716.3,0,0.3,20,67
1,0,4.43,3.5,716.3,0,14,40,59
1,0,4.43,3.5,716.3,0,7.4,20,57
1,0,4.43,3.5,716.3,0,0.3,10,44
1,0,4.43,3.5,716.3,0,7.4,10,39
1,0,4.43,3.5,716.3,0,14,20,34
1,0,4.43,3.5,716.3,0,14,10,14
1,0,2.05,3.5,716.3,0,0.3,80,176
1,0,2.05,3.5,716.3,0,7.4,60,174
1,0,2.05,3.5,716.3,0,0.3,60,164
1,0,2.05,3.5,716.3,0,7.4,50,162
1,0,2.05,3.5,716.3,0,0.3,50,157
1,0,2.05,3.5,716.3,0,14,100,152
1,0,2.05,3.5,716.3,0,7.4,40,148
1,0,2.05,3.5,716.3,0,0.3,40,148
1,0,2.05,3.5,716.3,0,14,80,138
1,0,2.05,3.5,716.3,0,14,60,124
1,0,2.05,3.5,716.3,0,0.3,20,120
1,0,2.05,3.5,716.3,0,14,50,114
1,0,2.05,3.5,716.3,0,7.4,20,107
1,0,2.05,3.5,716.3,0,14,40,104
1,0,2.05,3.5,716.3,0,0.3,10,93
1,0,2.05,3.5,716.3,0,14,20,71
1,0,2.05,3.5,716.3,0,7.4,10,68
1,0,2.05,3.5,716.3,0,14,10,43
0,0,1.01,3,647.6,0,7.4,20,185
0,0,1.01,3,647.6,0,0.3,100,141
0,0,1.01,3,647.6,0,0.3,80,133
0,0,1.01,3,647.6,0,7.4,10,129
0,0,1.01,3,647.6,0,14,100,125
0,0,1.01,3,647.6,0,0.3,60,122
0,0,1.01,3,647.6,0,0.3,50,115
0,0,1.01,3,647.6,0,14,80,111
0,0,1.01,3,647.6,0,0.3,40,107
0,0,1.01,3,647.6,0,14,60,95
0,0,1.01,3,647.6,0,14,50,86
0,0,1.01,3,647.6,0,0.3,20,85
0,0,1.01,3,647.6,0,14,40,74
0,0,1.01,3,647.6,0,0.3,10,65
0,0,1.01,3,647.6,0,14,20,45
0,0,1.01,3,647.6,0,14,10,22
1,0,7.5,5.2,490,0,0.3,10,145
0,0,5.6,5.2,490,0,0.3,10,63
1,0,4.19,12.5,124.09,1.6,14,60,735
1,0,4.19,12.5,124.09,1.6,14,50,671
1,0,4.19,12.5,124.09,1.6,14,40,598
1,0,4.19,12.5,124.09,1.6,14,20,445
1,0,4.19,12.5,124.09,1.6,14,10,355
0,0,12.03,12.5,232.2,4.39,14,60,406
0,0,12.03,12.5,232.2,4.39,14,50,372
0,0,12.03,12.5,232.2,4.39,14,40,338
0,0,12.03,12.5,232.2,4.39,14,20,262
0,0,12.03,12.5,232.2,4.39,14,10,198
1,0,48.02,40,97.4,5.62,0.3,20,295
1,0,48.02,40,97.4,5.62,0.3,10,248
1,1,17.66,10,388.9,8.7,0.3,20,167
1,1,16.63,10,388.9,10.7,0.3,20,75
1,1,16.63,10,388.9,10.7,0.3,10,58
1,1,12.15,10,388.9,9.7,0.3,20,89
1,1,12.15,10,388.9,9.7,0.3,10,74
1,1,11.54,10,388.9,10.8,0.3,20,116
1,1,11.54,10,388.9,10.8,0.3,10,85
1,0,9.92,10,170.41,7.86,13,50,230
1,0,9.92,10,170.41,7.86,13,40,210
1,0,9.92,10,170.41,7.86,13,20,169
1,0,9.92,10,170.41,7.86,13,10,130
1,0,7.16,10,148.29,8.62,13,50,364
1,0,7.16,10,148.29,8.62,13,40,360
1,0,7.16,10,148.29,8.62,13,20,340
1,0,7.16,10,148.29,8.62,13,10,313
1,0,4.79,10,158.09,6.97,13,20,440
1,0,4.79,10,158.09,6.97,13,10,394
1,0,31.48,29.6,8.7,4.34,14.5,100,391
1,0,31.48,29.6,8.7,4.34,14.5,80,358
1,0,31.48,29.6,8.7,4.34,14.5,60,323
1,0,31.48,29.6,8.7,4.34,14.5,50,303
1,0,31.48,29.6,8.7,4.34,14.5,40,283
1,0,31.48,29.6,8.7,4.34,14.5,20,230
1,0,31.48,29.6,8.7,4.34,14.5,10,186
1,0,25.15,23.3,2.8,9.88,14.3,100,341
1,0,25.15,23.3,2.8,9.88,14.3,80,307
1,0,25.15,23.3,2.8,9.88,14.3,60,269
1,0,25.15,23.3,2.8,9.88,14.3,50,248
1,0,25.15,23.3,2.8,9.88,14.3,40,225
1,0,25.15,23.3,2.8,9.88,14.3,20,166
1,0,25.15,23.3,2.8,9.88,14.3,10,120
1,0,23.58,13.8,8.8,10.93,14,100,358
1,0,23.58,13.8,8.8,10.93,14,80,325
1,0,23.58,13.8,8.8,10.93,14,60,292
1,0,23.58,13.8,8.8,10.93,14,50,271
1,0,23.58,13.8,8.8,10.93,14,40,249
1,0,23.58,13.8,8.8,10.93,14,20,193
1,0,23.58,13.8,8.8,10.93,14,10,147
0,0,63.27,4.8,37.4,1.63,7.4,60,632
0,0,63.27,4.8,37.4,1.63,7.4,50,586
0,0,63.27,4.8,37.4,1.63,7.4,40,535
0,0,63.27,4.8,37.4,1.63,0.3,60,405
0,0,63.27,4.8,37.4,1.63,7.4,20,405
0,0,63.27,4.8,37.4,1.63,0.3,50,385
0,0,63.27,4.8,37.4,1.63,0.3,40,365
0,0,63.27,4.8,37.4,1.63,14,20,330
0,0,63.27,4.8,37.4,1.63,7.4,10,326
0,0,63.27,4.8,37.4,1.63,0.3,20,319
0,0,63.27,4.8,37.4,1.63,14,10,289
0,0,63.27,4.8,37.4,1.63,0.3,10,284
0,0,62.09,4.8,43.3,0.87,7.4,60,545
0,0,62.09,4.8,43.3,0.87,7.4,50,502
0,0,62.09,4.8,43.3,0.87,7.4,40,453
0,0,62.09,4.8,43.3,0.87,14,60,358
0,0,62.09,4.8,43.3,0.87,0.3,60,354
0,0,62.09,4.8,43.3,0.87,14,50,337
0,0,62.09,4.8,43.3,0.87,0.3,50,327
0,0,62.09,4.8,43.3,0.87,7.4,20,327
0,0,62.09,4.8,43.3,0.87,14,40,312
0,0,62.09,4.8,43.3,0.87,0.3,40,302
0,0,62.09,4.8,43.3,0.87,14,20,255
0,0,62.09,4.8,43.3,0.87,7.4,10,241
0,0,62.09,4.8,43.3,0.87,0.3,20,239
0,0,62.09,4.8,43.3,0.87,14,10,206
0,0,62.09,4.8,43.3,0.87,0.3,10,200
0,0,61.52,4.8,47.2,2.53,7.4,60,418
0,0,61.52,4.8,47.2,2.53,7.4,50,374
0,0,61.52,4.8,47.2,2.53,7.4,40,328
0,0,61.52,4.8,47.2,2.53,14,60,276
0,0,61.52,4.8,47.2,2.53,0.3,60,267
0,0,61.52,4.8,47.2,2.53,14,50,264
0,0,61.52,4.8,47.2,2.53,14,40,253
0,0,61.52,4.8,47.2,2.53,0.3,50,251
0,0,61.52,4.8,47.2,2.53,0.3,40,234
0,0,61.52,4.8,47.2,2.53,7.4,20,228
0,0,61.52,4.8,47.2,2.53,14,20,220
0,0,61.52,4.8,47.2,2.53,0.3,20,192
0,0,61.52,4.8,47.2,2.53,14,10,190
0,0,61.52,4.8,47.2,2.53,0.3,10,165
0,0,61.52,4.8,47.2,2.53,7.4,10,163
0,0,60.2,4.8,78.9,1.89,7.4,60,261
0,0,60.2,4.8,78.9,1.89,7.4,50,234
0,0,60.2,4.8,78.9,1.89,7.4,40,210
0,0,60.2,4.8,78.9,1.89,14,60,197
0,0,60.2,4.8,78.9,1.89,14,50,192
0,0,60.2,4.8,78.9,1.89,14,40,186
0,0,60.2,4.8,78.9,1.89,14,20,163
0,0,60.2,4.8,78.9,1.89,7.4,20,150
0,0,60.2,4.8,78.9,1.89,0.3,60,147
0,0,60.2,4.8,78.9,1.89,0.3,50,141
0,0,60.2,4.8,78.9,1.89,0.3,40,135
0,0,60.2,4.8,78.9,1.89,14,10,130
0,0,60.2,4.8,78.9,1.89,0.3,20,117
0,0,60.2,4.8,78.9,1.89,7.4,10,110
0,0,60.2,4.8,78.9,1.89,0.3,10,100
0,0,19.99,30,541.2,17.36,13,200,319
0,0,19.99,30,541.2,17.36,13,150,294
0,0,19.99,30,541.2,17.36,13,100,265
0,0,19.99,30,541.2,17.36,13,80,249
0,0,19.99,30,541.2,17.36,13,60,232
0,0,19.99,30,541.2,17.36,13,50,222
0,0,19.99,30,541.2,17.36,13,40,214
0,0,19.99,30,541.2,17.36,13,20,183
0,0,19.99,30,541.2,17.36,13,10,157
1,0,37,10,110.3494,2.24,7.4,100,518
1,0,37,10,110.3494,2.24,7.4,80,458
1,0,37,10,110.3494,2.24,7.4,60,377
1,0,37,10,110.3494,2.24,0.3,250,357
1,0,37,10,110.3494,2.24,0.3,200,325
1,0,37,10,110.3494,2.24,7.4,50,322
1,0,37,10,110.3494,2.24,0.3,150,294
1,0,37,10,110.3494,2.24,14,250,290
1,0,37,10,110.3494,2.24,7.4,40,263
1,0,37,10,110.3494,2.24,14,200,254
1,0,37,10,110.3494,2.24,0.3,100,252
1,0,37,10,110.3494,2.24,0.3,80,234
1,0,37,10,110.3494,2.24,14,150,214
1,0,37,10,110.3494,2.24,0.3,60,212
1,0,37,10,110.3494,2.24,0.3,50,200
1,0,37,10,110.3494,2.24,0.3,40,185
1,0,37,10,110.3494,2.24,14,100,168
1,0,37,10,110.3494,2.24,7.4,20,150
1,0,37,10,110.3494,2.24,0.3,20,149
1,0,37,10,110.3494,2.24,14,80,147
1,0,37,10,110.3494,2.24,14,60,123
1,0,37,10,110.3494,2.24,0.3,10,119
1,0,37,10,110.3494,2.24,14,50,112
1,0,37,10,110.3494,2.24,14,40,96
1,0,37,10,110.3494,2.24,7.4,10,90
1,0,37,10,110.3494,2.24,14,20,60
1,0,37,10,110.3494,2.24,14,10,38
1,0,27.9,10,87.86,1.66,7.4,40,693
1,0,27.9,10,87.86,1.66,7.4,20,458
1,0,27.9,10,87.86,1.66,0.3,250,362
1,0,27.9,10,87.86,1.66,14,250,338
1,0,27.9,10,87.86,1.66,0.3,200,338
1,0,27.9,10,87.86,1.66,0.3,150,311
1,0,27.9,10,87.86,1.66,14,200,305
1,0,27.9,10,87.86,1.66,0.3,100,278
1,0,27.9,10,87.86,1.66,14,150,268
1,0,27.9,10,87.86,1.66,0.3,80,263
1,0,27.9,10,87.86,1.66,7.4,10,254
1,0,27.9,10,87.86,1.66,0.3,60,245
1,0,27.9,10,87.86,1.66,0.3,50,231
1,0,27.9,10,87.86,1.66,14,100,223
1,0,27.9,10,87.86,1.66,0.3,40,220
1,0,27.9,10,87.86,1.66,14,80,201
1,0,27.9,10,87.86,1.66,0.3,20,181
1,0,27.9,10,87.86,1.66,14,60,177
1,0,27.9,10,87.86,1.66,14,50,160
1,0,27.9,10,87.86,1.66,0.3,10,150
1,0,27.9,10,87.86,1.66,14,40,147
1,0,27.9,10,87.86,1.66,14,20,103
1,0,27.9,10,87.86,1.66,14,10,67
1,0,6.13,11.35,400.29,2.72,14,50,450
1,0,6.13,11.35,400.29,2.72,14,10,270
1,0,5.92,10.95,353.69,2.05,14,50,420
1,0,5.92,10.95,353.69,2.05,14,10,250
1,0,4.28,10.57,365.16,1.5,14,100,410
1,0,4.28,10.57,365.16,1.5,14,50,340
1,0,4.28,10.57,365.16,1.5,14,10,240
1,0,2.9,10.27,325.61,1.15,14,50,540
1,0,2.9,10.27,325.61,1.15,14,10,330
0,0,3.11,11.4,289.13,1.95,14,50,410
0,0,3.11,11.4,289.13,1.95,14,10,300
0,1,0.07,3,118.14,0,0.3,10,34.8
0,1,0.07,3,118.14,0,0.3,20,47.2
1,1,6.69,19.3,302,3.4,14,60,513
1,0,7.31,34.2,292,3.4,14,60,450
1,0,7.31,34.2,292,3.4,14,50,441
1,0,7.31,34.2,292,3.4,14,40,434
1,0,7.31,34.2,292,3.4,14,20,408
1,0,7.31,34.2,292,3.4,14,10,380
1,0,6.69,19.3,302,3.4,14,50,499
1,0,6.69,19.3,302,3.4,14,40,482
1,0,6.69,19.3,302,3.4,14,20,439
1,0,6.69,19.3,302,3.4,14,10,398
1,0,8.74,18,356,3.4,14,60,553
1,0,8.74,18,356,3.4,14,50,545
1,0,8.74,18,356,3.4,14,40,534
1,0,8.74,18,356,3.4,14,20,497
1,0,8.74,18,356,3.4,14,10,458
1,0,9.87,15.6,358,3.4,14,60,519
1,0,9.87,15.6,358,3.4,14,50,510
1,0,9.87,15.6,358,3.4,14,40,499
1,0,9.87,15.6,358,3.4,14,20,463
1,0,9.87,15.6,358,3.4,14,10,425
1,0,100,10,52.8,0,13,10,56
1,0,100,10,52.8,0,14,10,42
0,1,10.2,2,402,0,0.3,50,50
0,1,10.2,2,402,0,0.3,40,45.2
0,1,10.2,2,402,0,0.3,20,34.6
0,1,10.2,2,402,0,0.3,10,28.27
